Chris,chris@example.com
Chris,chris@example.com
Felix,felix@example.net
Chris,chrisRand@example.com
Elizabeth,lizzy1994@example.com
André,andre@example.fr
Milo,milo.milo@example.com
Olivia,olive99@example.net
Hugo,hugo124@example.net
Amit,amit.123@example.com
Ludwig,ludwig@example.net
Raoul,raoul@example.com